id,Show,Producing Company,venue,Role,Start Date,End Date,Location,Director,Writer,Associate Director,Writer1,Set by,Costumes by,Video by,Lighting by,Sound by,Produced by,Production Managed by,Technical Direction by,Starring1,Starring2,Starring3,Starring4,Starring5,Starring6
40,Dissonant Species,Theatre Gargantua,Factory Mainstage Theatre,Co-Sound Designer,2025-10-01,2025-11-01,"Toronto, ON",Jacquie P.A. Thomas,,,,,,,,,,,,,,,,,
39,The Green Line,Factory Theatre/Buddies in Bad Times,Buddies in Bad Times Chamber,Surtitle Designer,2025-09-01,2025-10-01,"Toronto, ON",Makram Ayache,Makram Ayache,,,Anahita Dehbonehie,Anahita Dehbonehie,,Jareth Li + Kit Norman,Chris Pereira + Heidi Chan,,Aidan Hammond,,Waseem Alzer,Oshen Aoun,Basma Baydoun,Zaynna Khalife,,
38,This is Not What I Want to Tell You,Rimah Jabr,Centre in the Square Theatre,Lighting Designer,2025-09-01,2025-09-01,"Kitchener, ON",Rimah Jabr,Rimah Jabr,,,,,,,,,,,,,,,,
37,Sankofa Trilogy: word. song. powah!,Watah Theatre,Theatre Centre's Franco Boni Theatre,Lighting Designer,2025-09-01,2025-10-01,"Toronto, ON",d’bi.young anitafrika,d’bi.young anitafrika,,,PPOO,,,,,,,,,,,,,
36,Sankofa Trilogy: benu,Watah Theatre,Theatre Centre's Franco Boni Theatre,Lighting Designer,2025-09-01,2025-10-01,"Toronto, ON",d’bi.young anitafrika,d’bi.young anitafrika,,,PPOO,,,,,,,,,,,,,
35,Sankofa Trilogy: blood.claat,Watah Theatre,Theatre Centre's Franco Boni Theatre,Lighting Designer,2025-09-01,2025-10-01,"Toronto, ON",d’bi.young anitafrika,d’bi.young anitafrika,,,PPOO,,,,,,,,,,,,,
34,The Trans Agenda (Calendar),The Trans Agenda,Steamworks Gym,Lighting Designer,2025-08-01,2025-08-01,"Toronto, ON",Katie Clarke,,,,PPOO,,,,,,,,,,,,,
33,Summerworks Festival Plot,Summerworks,Aki Studio Theatre,Lighting Designer,2025-08-01,2025-08-01,"Toronto, ON",,,,,PPOO,,,,,,,,,,,,,
32,To A Flame (Technical Workshop),1s1 Theatre,Nancy & Ed Jackman Theatre,Video Technician,2025-07-01,2025-08-01,"Toronto, ON",Josette Bushell-Mingo,Erin Shields,,,,,,,,,,,,,,,,
31,Zeitgeist,Off the Nose Collective,Cinecycle,Lighting Designer,2025-06-01,2025-07-01,"Toronto, ON",Ben Yoganathan,Ben Yoganathan,,,,,,,,,,,,,,,,
30,Toronto Fringe House Plot,Toronto Fringe,Soulpepper TD & BMO Studio,Associate Lighting Designer,2025-06-01,2025-06-01,"Toronto, ON",,,,,,,,,,,,,,,,,,
29,This is Not What I Want to Tell You,Theatre Centre,Theatre Centre's Franco Boni Theatre,Lighting Designer,2025-06-01,2025-06-01,"Toronto, ON",Rimah Jabr,Rimah Jabr,,,,,,,,,,,,,,,,
28,A Girl in a School Uniform Walks into a Bar,A Front Company / Pickles Theatre Co.,The Green Room (site specific),Lighting / Sound Designer,2025-04-01,2025-05-01,"Toronto, ON",Robert Morrison,Lulu Raczka,julianna monte-angheloni,,,,,,,,,,,,,,,
27,The Little Prince,Inside Out Theatre / Theatre Passe Muraille,TPM Mainspace,Projection Designer,2025-03-01,2025-04-01,"Toronto, ON",Suchiththa Wickremesooriya,Landon Krentz,Elizabeth Morris,,,,,,,,,,,,,,,
26,Sanguine,Cahoots Theatre,Theatre Centre BMO Incubator,Lighting Designer,2025-03-01,2025-04-01,"Toronto, ON",Tanisha Taitt,Parastoo Amanzadeh ,,Mina Zaghari,,,,,,,,,,,,,,
25,Fat Ham,Canadian Stage,Berekeley Street Theatre,Associate Video Designer,2025-02-01,2025-03-01,"Toronto, ON",Phillip Akin,James Ijames ,,,,,,,,,,,,,,,,
24,Dissonant Species,Theatre Gargantua,Factory Mainspace Theatre,Co-Sound Designer,2024-09-01,2024-11-01,"Toronto, ON",Jacquie P.A. Thomas,,,,,,,,,,,,,,,,,
23,The Healing (Technical Workshop),Marie Barlizo,Aki Studio,Sound Designer,2024-07-01,2024-07-01,"Toronto, ON",Aaron Jan,Marie Barlizo,,,,,,,,,,,,,,,,
22,Jared's Day Off (Technical Workshop),Pickles Theatre Company,222 Analog Electric,Sound Designer /Accompanist,2024-06-01,2024-06-01,"Toronto, ON",Jonnie Lombard,Alex Grozdanis,,,,,,,,,,,,,,,,
21,Seven Methods of Killing Kylie Jenner,Obsidian Theatre Company,Streetcar Crowsnest,Lighting Designer,2024-04-01,2024-05-01,"Toronto, ON",Jay Northcott,Jasmine Lee-Jones,,,,,,,,,,,,,,,,
20,Insert Clown Here,Parlous Theatre,Theatre Centre BMO Incubator,Lighting Designer,2024-04-01,2024-05-01,"Toronto, ON",Kendelle Parks,Jacob Willis,Jacob Willis,Kendelle Parks,,,,,,,,,,,,,,
19,Continue?,Theatre Direct,George Chuvalo Neighbourhood Centre,Creator / Programmer / Director / Video Designer,2024-01-01,2024-05-01,"Toronto, ON",Christopher-Elizabeth,Christopher-Elizabeth,,,,,,,,,,,,,,,,
18,El Terremoto,Tarragon Theatre,Tarragon Theattre Mainspace,Co-Sound Designer,2024-03-01,2024-03-01,"Toronto, ON",Guillermo Verdecchia,Christine Quintana,,,,,,,,,,,,,,,,
17,Untitled Video Game Project,Pickles Theatre / Tarragon Theatre,Tarragon Theatre Near Studio,Co-Creator / Programmer / Director / Video Designer,2023-09-01,2024-01-01,"Toronto, ON",Christopher-Elizabeth,Dean Vukovic,Dean Vukovic,Christopher-Elizabeth,,,,,,,,,,,,,,
16,VUKA Collective Festival,Theatre Passe Muraille,TPM Mainspace,,2023-11-01,2023-11-02,"Toronto, ON",Tsholo Khalema ,,,,,,,,,,,,,,,,,
15,Pickles Arcade,Pickles Theatre Company,Supermarket ,Director/Programmer/Sound Designer,2023-10-01,2023-10-01,"Toronto, ON",Christopher-Elizabeth,,,,,,,,,,,,,,,,,
14,Insert Clown Here,Parlous Theatre,Tour,Lighting / Sound Designer,2023-06-01,2023-07-01,"Toronto, ON",Kendelle Parks,Jacob Willis,,,,,,,,,,,,,,,,
13,Killing Time: A Game Show Musical,Mixtape Projects,Factory Mainspace Theatre,,2023-06-01,2023-06-01,"Toronto, ON",Margot Greve,Ben Kopp,,,,,,,,,,,,,,,,
12,The Effect,Coal Mine Theatre,Coal Mine Theatre,Head Technician,2023-06-01,2023-06-01,"Toronto, ON",Mitchell Cushman,Lucy Prebble,,,,,,,,,,,,,,,,
11,No Save Points,Outside the March,Lighthouse ArtSpace,Head Technician,2023-05-01,2023-07-01,"Toronto, ON",Mitchell Cushman,Sébastien Heins ,,,,,,,,,,,,,,,,
10,Alphonse,Theaturtle,Carousel Theatre,Sound Designer,2023-04-01,2023-05-01,"Vancouver, BC",Alon Nashman,Wajdi Mouawad,,,,,,,,,,,,,,,,
9,"Maanomaa, My Brother & Me",Canadian Stage ,Berkeley Street Theatre,,2023-01-01,2023-02-01,"Toronto, ON",Phillip Akin,Tawiah M'Carthy,,Brad Cook,,,,,,,,,,,,,,
8,"Young, Gifted, & Black",Obsidian Theatre Company,Factory Studio Theatre,Cohort Member,2022-09-01,2023-09-01,"Toronto, ON",,,,,,,,,,,,,,,,,,
7,Verses,Pickles Theatre ,Pickles Electric Analog,Artistic Director,2022-12-01,2022-12-01,"Toronto, ON",Fahed Altaji,Fahed Altaji,,,,,,,,,,,,,,,,
6,I Love the Smell of Gasoline,Pencil Kit Productions,Tour,Sound Designer,2022-09-01,2023-03-01,"Toronto, ON",Will Dao,Claren Grosz,,,,,,,,,,,,,,,,
5,Velvethead,Pickles Theatre,Factory Studio Theatre,Artistic Director / Sound Designer/ Accompanist,2022-09-01,2022-10-01,"Toronto, ON",Dean Vukovic,Dean Vukovic,,,,,,,,,,,,,,,,
4,Pure Research: Gaming the Show Systems,Nightswimming ,Tarragon Extraspace,Researcher,2022-08-01,2023-01-01,"Toronto, ON",Christopher-Elizabeth,,,,,,,,,,,,,,,,,
3,The House Key Project,Porch Light Theatre,Theatre Aquarius,Sound Designer,2022-07-01,2022-07-01,"Toronto, ON",Aaron Jan,,Karen Ancheta,,,,,,,,,,,,,,,
2,Blackberry,Red Betti Theatre,Tour,Sound Designer,2022-07-01,2022-08-01,"Toronto, ON",Alison Wong,Radha S. Menon,,,,,,,,,,,,,,,,
1,Three Ordinary Men,Cahoots Theatre,Theatre Centre BMO Incubator,Sound Designer,2022-05-01,2022-06-01,"Toronto, ON",Tanisha Taitt,Steven Elliott Jackson,,,,,,,,,,,,,,,,
,,,,,,,,,,,,,,,,,,,,,,,,,
,,,,,,,,,,,,,,,,,,,,,,,,,
,,,,,,,,,,,,,,,,,,,,,,,,,
,,,,,,,,,,,,,,,,,,,,,,,,,
,,,,,,,,,,,,,,,,,,,,,,,,,
,,,,,,,,,,,,,,,,,,,,,,,,,
,,,,,,,,,,,,,,,,,,,,,,,,,
,,,,,,,,,,,,,,,,,,,,,,,,,
,,,,,,,,,,,,,,,,,,,,,,,,,
,,,,,,,,,,,,,,,,,,,,,,,,,
,,,,,,,,,,,,,,,,,,,,,,,,,
,,,,,,,,,,,,,,,,,,,,,,,,,
,,,,,,,,,,,,,,,,,,,,,,,,,
,,,,,,,,,,,,,,,,,,,,,,,,,
,,,,,,,,,,,,,,,,,,,,,,,,,
,,,,,,,,,,,,,,,,,,,,,,,,,
,,,,,,,,,,,,,,,,,,,,,,,,,
,,,,,,,,,,,,,,,,,,,,,,,,,
,,,,,,,,,,,,,,,,,,,,,,,,,
,,,,,,,,,,,,,,,,,,,,,,,,,
,,,,,,,,,,,,,,,,,,,,,,,,,
,,,,,,,,,,,,,,,,,,,,,,,,,
,,,,,,,,,,,,,,,,,,,,,,,,,
,,,,,,,,,,,,,,,,,,,,,,,,,
,,,,,,,,,,,,,,,,,,,,,,,,,
,,,,,,,,,,,,,,,,,,,,,,,,,
,,,,,,,,,,,,,,,,,,,,,,,,,
,,,,,,,,,,,,,,,,,,,,,,,,,
,,,,,,,,,,,,,,,,,,,,,,,,,
,,,,,,,,,,,,,,,,,,,,,,,,,
,,,,,,,,,,,,,,,,,,,,,,,,,
,,,,,,,,,,,,,,,,,,,,,,,,,
,,,,,,,,,,,,,,,,,,,,,,,,,
,,,,,,,,,,,,,,,,,,,,,,,,,
,,,,,,,,,,,,,,,,,,,,,,,,,
,,,,,,,,,,,,,,,,,,,,,,,,,
,,,,,,,,,,,,,,,,,,,,,,,,,
,,,,,,,,,,,,,,,,,,,,,,,,,
,,,,,,,,,,,,,,,,,,,,,,,,,
,,,,,,,,,,,,,,,,,,,,,,,,,
,,,,,,,,,,,,,,,,,,,,,,,,,
,,,,,,,,,,,,,,,,,,,,,,,,,
,,,,,,,,,,,,,,,,,,,,,,,,,
,,,,,,,,,,,,,,,,,,,,,,,,,
,,,,,,,,,,,,,,,,,,,,,,,,,
,,,,,,,,,,,,,,,,,,,,,,,,,
,,,,,,,,,,,,,,,,,,,,,,,,,
,,,,,,,,,,,,,,,,,,,,,,,,,
,,,,,,,,,,,,,,,,,,,,,,,,,
,,,,,,,,,,,,,,,,,,,,,,,,,
,,,,,,,,,,,,,,,,,,,,,,,,,
,,,,,,,,,,,,,,,,,,,,,,,,,
,,,,,,,,,,,,,,,,,,,,,,,,,
,,,,,,,,,,,,,,,,,,,,,,,,,
,,,,,,,,,,,,,,,,,,,,,,,,,
,,,,,,,,,,,,,,,,,,,,,,,,,
,,,,,,,,,,,,,,,,,,,,,,,,,
,,,,,,,,,,,,,,,,,,,,,,,,,
,,,,,,,,,,,,,,,,,,,,,,,,,
,,,,,,,,,,,,,,,,,,,,,,,,,
,,,,,,,,,,,,,,,,,,,,,,,,,
,,,,,,,,,,,,,,,,,,,,,,,,,
,,,,,,,,,,,,,,,,,,,,,,,,,
,,,,,,,,,,,,,,,,,,,,,,,,,
,,,,,,,,,,,,,,,,,,,,,,,,,
,,,,,,,,,,,,,,,,,,,,,,,,,
,,,,,,,,,,,,,,,,,,,,,,,,,
,,,,,,,,,,,,,,,,,,,,,,,,,
,,,,,,,,,,,,,,,,,,,,,,,,,
,,,,,,,,,,,,,,,,,,,,,,,,,
,,,,,,,,,,,,,,,,,,,,,,,,,
,,,,,,,,,,,,,,,,,,,,,,,,,
,,,,,,,,,,,,,,,,,,,,,,,,,
1,,,,,,,,,,,,,,,,,,,,,,,,,
2,,,,,,,,,,,,,,,,,,,,,,,,,
3,,,,,,,,,,,,,,,,,,,,,,,,,
4,,,,,,,,,,,,,,,,,,,,,,,,,
5,,,,,,,,,,,,,,,,,,,,,,,,,
6,,,,,,,,,,,,,,,,,,,,,,,,,
7,,,,,,,,,,,,,,,,,,,,,,,,,
8,,,,,,,,,,,,,,,,,,,,,,,,,
9,,,,,,,,,,,,,,,,,,,,,,,,,
10,,,,,,,,,,,,,,,,,,,,,,,,,
11,,,,,,,,,,,,,,,,,,,,,,,,,
12,,,,,,,,,,,,,,,,,,,,,,,,,
13,,,,,,,,,,,,,,,,,,,,,,,,,
14,,,,,,,,,,,,,,,,,,,,,,,,,
15,,,,,,,,,,,,,,,,,,,,,,,,,
16,,,,,,,,,,,,,,,,,,,,,,,,,
17,,,,,,,,,,,,,,,,,,,,,,,,,
18,,,,,,,,,,,,,,,,,,,,,,,,,
19,,,,,,,,,,,,,,,,,,,,,,,,,
20,,,,,,,,,,,,,,,,,,,,,,,,,
21,,,,,,,,,,,,,,,,,,,,,,,,,
22,,,,,,,,,,,,,,,,,,,,,,,,,
23,,,,,,,,,,,,,,,,,,,,,,,,,
24,,,,,,,,,,,,,,,,,,,,,,,,,
25,,,,,,,,,,,,,,,,,,,,,,,,,
26,,,,,,,,,,,,,,,,,,,,,,,,,
27,,,,,,,,,,,,,,,,,,,,,,,,,
28,,,,,,,,,,,,,,,,,,,,,,,,,
29,,,,,,,,,,,,,,,,,,,,,,,,,
30,,,,,,,,,,,,,,,,,,,,,,,,,
31,,,,,,,,,,,,,,,,,,,,,,,,,
32,,,,,,,,,,,,,,,,,,,,,,,,,
33,,,,,,,,,,,,,,,,,,,,,,,,,
34,,,,,,,,,,,,,,,,,,,,,,,,,
35,,,,,,,,,,,,,,,,,,,,,,,,,
36,,,,,,,,,,,,,,,,,,,,,,,,,
37,,,,,,,,,,,,,,,,,,,,,,,,,
38,,,,,,,,,,,,,,,,,,,,,,,,,
39,,,,,,,,,,,,,,,,,,,,,,,,,
40,,,,,,,,,,,,,,,,,,,,,,,,,
41,,,,,,,,,,,,,,,,,,,,,,,,,
42,,,,,,,,,,,,,,,,,,,,,,,,,
43,,,,,,,,,,,,,,,,,,,,,,,,,
44,,,,,,,,,,,,,,,,,,,,,,,,,
45,,,,,,,,,,,,,,,,,,,,,,,,,
46,,,,,,,,,,,,,,,,,,,,,,,,,
47,,,,,,,,,,,,,,,,,,,,,,,,,
48,,,,,,,,,,,,,,,,,,,,,,,,,
49,,,,,,,,,,,,,,,,,,,,,,,,,
50,,,,,,,,,,,,,,,,,,,,,,,,,
51,,,,,,,,,,,,,,,,,,,,,,,,,
52,,,,,,,,,,,,,,,,,,,,,,,,,
53,,,,,,,,,,,,,,,,,,,,,,,,,
54,,,,,,,,,,,,,,,,,,,,,,,,,
55,,,,,,,,,,,,,,,,,,,,,,,,,
56,,,,,,,,,,,,,,,,,,,,,,,,,
57,,,,,,,,,,,,,,,,,,,,,,,,,
58,,,,,,,,,,,,,,,,,,,,,,,,,
59,,,,,,,,,,,,,,,,,,,,,,,,,
60,,,,,,,,,,,,,,,,,,,,,,,,,
61,,,,,,,,,,,,,,,,,,,,,,,,,
62,,,,,,,,,,,,,,,,,,,,,,,,,
63,,,,,,,,,,,,,,,,,,,,,,,,,
64,,,,,,,,,,,,,,,,,,,,,,,,,
65,,,,,,,,,,,,,,,,,,,,,,,,,
66,,,,,,,,,,,,,,,,,,,,,,,,,
67,,,,,,,,,,,,,,,,,,,,,,,,,
68,,,,,,,,,,,,,,,,,,,,,,,,,
69,,,,,,,,,,,,,,,,,,,,,,,,,
70,,,,,,,,,,,,,,,,,,,,,,,,,
71,,,,,,,,,,,,,,,,,,,,,,,,,
72,,,,,,,,,,,,,,,,,,,,,,,,,
73,,,,,,,,,,,,,,,,,,,,,,,,,
74,,,,,,,,,,,,,,,,,,,,,,,,,
75,,,,,,,,,,,,,,,,,,,,,,,,,
76,,,,,,,,,,,,,,,,,,,,,,,,,
77,,,,,,,,,,,,,,,,,,,,,,,,,
78,,,,,,,,,,,,,,,,,,,,,,,,,
79,,,,,,,,,,,,,,,,,,,,,,,,,
80,,,,,,,,,,,,,,,,,,,,,,,,,
81,,,,,,,,,,,,,,,,,,,,,,,,,
82,,,,,,,,,,,,,,,,,,,,,,,,,
83,,,,,,,,,,,,,,,,,,,,,,,,,
84,,,,,,,,,,,,,,,,,,,,,,,,,
85,,,,,,,,,,,,,,,,,,,,,,,,,
86,,,,,,,,,,,,,,,,,,,,,,,,,
87,,,,,,,,,,,,,,,,,,,,,,,,,
88,,,,,,,,,,,,,,,,,,,,,,,,,
89,,,,,,,,,,,,,,,,,,,,,,,,,
90,,,,,,,,,,,,,,,,,,,,,,,,,
91,,,,,,,,,,,,,,,,,,,,,,,,,
92,,,,,,,,,,,,,,,,,,,,,,,,,
93,,,,,,,,,,,,,,,,,,,,,,,,,
94,,,,,,,,,,,,,,,,,,,,,,,,,
95,,,,,,,,,,,,,,,,,,,,,,,,,
96,,,,,,,,,,,,,,,,,,,,,,,,,
97,,,,,,,,,,,,,,,,,,,,,,,,,
98,,,,,,,,,,,,,,,,,,,,,,,,,
99,,,,,,,,,,,,,,,,,,,,,,,,,
100,,,,,,,,,,,,,,,,,,,,,,,,,
101,,,,,,,,,,,,,,,,,,,,,,,,,
102,,,,,,,,,,,,,,,,,,,,,,,,,
103,,,,,,,,,,,,,,,,,,,,,,,,,
104,,,,,,,,,,,,,,,,,,,,,,,,,
105,,,,,,,,,,,,,,,,,,,,,,,,,
106,,,,,,,,,,,,,,,,,,,,,,,,,
107,,,,,,,,,,,,,,,,,,,,,,,,,
108,,,,,,,,,,,,,,,,,,,,,,,,,
109,,,,,,,,,,,,,,,,,,,,,,,,,
110,,,,,,,,,,,,,,,,,,,,,,,,,
111,,,,,,,,,,,,,,,,,,,,,,,,,
112,,,,,,,,,,,,,,,,,,,,,,,,,
113,,,,,,,,,,,,,,,,,,,,,,,,,
114,,,,,,,,,,,,,,,,,,,,,,,,,
115,,,,,,,,,,,,,,,,,,,,,,,,,
116,,,,,,,,,,,,,,,,,,,,,,,,,
117,,,,,,,,,,,,,,,,,,,,,,,,,
118,,,,,,,,,,,,,,,,,,,,,,,,,
119,,,,,,,,,,,,,,,,,,,,,,,,,
120,,,,,,,,,,,,,,,,,,,,,,,,,
121,,,,,,,,,,,,,,,,,,,,,,,,,
122,,,,,,,,,,,,,,,,,,,,,,,,,
123,,,,,,,,,,,,,,,,,,,,,,,,,
124,,,,,,,,,,,,,,,,,,,,,,,,,
125,,,,,,,,,,,,,,,,,,,,,,,,,
126,,,,,,,,,,,,,,,,,,,,,,,,,
127,,,,,,,,,,,,,,,,,,,,,,,,,
128,,,,,,,,,,,,,,,,,,,,,,,,,
129,,,,,,,,,,,,,,,,,,,,,,,,,
130,,,,,,,,,,,,,,,,,,,,,,,,,
131,,,,,,,,,,,,,,,,,,,,,,,,,
132,,,,,,,,,,,,,,,,,,,,,,,,,
133,,,,,,,,,,,,,,,,,,,,,,,,,
134,,,,,,,,,,,,,,,,,,,,,,,,,
135,,,,,,,,,,,,,,,,,,,,,,,,,
136,,,,,,,,,,,,,,,,,,,,,,,,,
137,,,,,,,,,,,,,,,,,,,,,,,,,
138,,,,,,,,,,,,,,,,,,,,,,,,,
139,,,,,,,,,,,,,,,,,,,,,,,,,
140,,,,,,,,,,,,,,,,,,,,,,,,,
141,,,,,,,,,,,,,,,,,,,,,,,,,
142,,,,,,,,,,,,,,,,,,,,,,,,,
143,,,,,,,,,,,,,,,,,,,,,,,,,
144,,,,,,,,,,,,,,,,,,,,,,,,,
145,,,,,,,,,,,,,,,,,,,,,,,,,
146,,,,,,,,,,,,,,,,,,,,,,,,,
147,,,,,,,,,,,,,,,,,,,,,,,,,
148,,,,,,,,,,,,,,,,,,,,,,,,,
149,,,,,,,,,,,,,,,,,,,,,,,,,
150,,,,,,,,,,,,,,,,,,,,,,,,,
151,,,,,,,,,,,,,,,,,,,,,,,,,
152,,,,,,,,,,,,,,,,,,,,,,,,,
153,,,,,,,,,,,,,,,,,,,,,,,,,
154,,,,,,,,,,,,,,,,,,,,,,,,,
155,,,,,,,,,,,,,,,,,,,,,,,,,
156,,,,,,,,,,,,,,,,,,,,,,,,,
157,,,,,,,,,,,,,,,,,,,,,,,,,
158,,,,,,,,,,,,,,,,,,,,,,,,,
159,,,,,,,,,,,,,,,,,,,,,,,,,
160,,,,,,,,,,,,,,,,,,,,,,,,,
161,,,,,,,,,,,,,,,,,,,,,,,,,
162,,,,,,,,,,,,,,,,,,,,,,,,,
163,,,,,,,,,,,,,,,,,,,,,,,,,
164,,,,,,,,,,,,,,,,,,,,,,,,,
165,,,,,,,,,,,,,,,,,,,,,,,,,
166,,,,,,,,,,,,,,,,,,,,,,,,,
167,,,,,,,,,,,,,,,,,,,,,,,,,
168,,,,,,,,,,,,,,,,,,,,,,,,,
169,,,,,,,,,,,,,,,,,,,,,,,,,
170,,,,,,,,,,,,,,,,,,,,,,,,,
171,,,,,,,,,,,,,,,,,,,,,,,,,
172,,,,,,,,,,,,,,,,,,,,,,,,,
173,,,,,,,,,,,,,,,,,,,,,,,,,
174,,,,,,,,,,,,,,,,,,,,,,,,,
175,,,,,,,,,,,,,,,,,,,,,,,,,
176,,,,,,,,,,,,,,,,,,,,,,,,,
177,,,,,,,,,,,,,,,,,,,,,,,,,
178,,,,,,,,,,,,,,,,,,,,,,,,,
179,,,,,,,,,,,,,,,,,,,,,,,,,
180,,,,,,,,,,,,,,,,,,,,,,,,,
181,,,,,,,,,,,,,,,,,,,,,,,,,
182,,,,,,,,,,,,,,,,,,,,,,,,,
183,,,,,,,,,,,,,,,,,,,,,,,,,
184,,,,,,,,,,,,,,,,,,,,,,,,,
185,,,,,,,,,,,,,,,,,,,,,,,,,
186,,,,,,,,,,,,,,,,,,,,,,,,,
187,,,,,,,,,,,,,,,,,,,,,,,,,
188,,,,,,,,,,,,,,,,,,,,,,,,,
189,,,,,,,,,,,,,,,,,,,,,,,,,
190,,,,,,,,,,,,,,,,,,,,,,,,,
191,,,,,,,,,,,,,,,,,,,,,,,,,
192,,,,,,,,,,,,,,,,,,,,,,,,,
193,,,,,,,,,,,,,,,,,,,,,,,,,
194,,,,,,,,,,,,,,,,,,,,,,,,,
195,,,,,,,,,,,,,,,,,,,,,,,,,
196,,,,,,,,,,,,,,,,,,,,,,,,,
197,,,,,,,,,,,,,,,,,,,,,,,,,
198,,,,,,,,,,,,,,,,,,,,,,,,,
199,,,,,,,,,,,,,,,,,,,,,,,,,
200,,,,,,,,,,,,,,,,,,,,,,,,,
201,,,,,,,,,,,,,,,,,,,,,,,,,
202,,,,,,,,,,,,,,,,,,,,,,,,,
203,,,,,,,,,,,,,,,,,,,,,,,,,
204,,,,,,,,,,,,,,,,,,,,,,,,,
205,,,,,,,,,,,,,,,,,,,,,,,,,
206,,,,,,,,,,,,,,,,,,,,,,,,,
207,,,,,,,,,,,,,,,,,,,,,,,,,
208,,,,,,,,,,,,,,,,,,,,,,,,,
209,,,,,,,,,,,,,,,,,,,,,,,,,
210,,,,,,,,,,,,,,,,,,,,,,,,,
211,,,,,,,,,,,,,,,,,,,,,,,,,
212,,,,,,,,,,,,,,,,,,,,,,,,,
213,,,,,,,,,,,,,,,,,,,,,,,,,
214,,,,,,,,,,,,,,,,,,,,,,,,,
215,,,,,,,,,,,,,,,,,,,,,,,,,
216,,,,,,,,,,,,,,,,,,,,,,,,,
217,,,,,,,,,,,,,,,,,,,,,,,,,
218,,,,,,,,,,,,,,,,,,,,,,,,,
219,,,,,,,,,,,,,,,,,,,,,,,,,
220,,,,,,,,,,,,,,,,,,,,,,,,,
221,,,,,,,,,,,,,,,,,,,,,,,,,
222,,,,,,,,,,,,,,,,,,,,,,,,,
223,,,,,,,,,,,,,,,,,,,,,,,,,
224,,,,,,,,,,,,,,,,,,,,,,,,,
225,,,,,,,,,,,,,,,,,,,,,,,,,
226,,,,,,,,,,,,,,,,,,,,,,,,,
227,,,,,,,,,,,,,,,,,,,,,,,,,
228,,,,,,,,,,,,,,,,,,,,,,,,,
229,,,,,,,,,,,,,,,,,,,,,,,,,
230,,,,,,,,,,,,,,,,,,,,,,,,,
231,,,,,,,,,,,,,,,,,,,,,,,,,
232,,,,,,,,,,,,,,,,,,,,,,,,,
233,,,,,,,,,,,,,,,,,,,,,,,,,
234,,,,,,,,,,,,,,,,,,,,,,,,,
235,,,,,,,,,,,,,,,,,,,,,,,,,
236,,,,,,,,,,,,,,,,,,,,,,,,,
237,,,,,,,,,,,,,,,,,,,,,,,,,
238,,,,,,,,,,,,,,,,,,,,,,,,,
239,,,,,,,,,,,,,,,,,,,,,,,,,
240,,,,,,,,,,,,,,,,,,,,,,,,,
241,,,,,,,,,,,,,,,,,,,,,,,,,
242,,,,,,,,,,,,,,,,,,,,,,,,,
243,,,,,,,,,,,,,,,,,,,,,,,,,
244,,,,,,,,,,,,,,,,,,,,,,,,,
245,,,,,,,,,,,,,,,,,,,,,,,,,
246,,,,,,,,,,,,,,,,,,,,,,,,,
247,,,,,,,,,,,,,,,,,,,,,,,,,
248,,,,,,,,,,,,,,,,,,,,,,,,,
249,,,,,,,,,,,,,,,,,,,,,,,,,
250,,,,,,,,,,,,,,,,,,,,,,,,,
251,,,,,,,,,,,,,,,,,,,,,,,,,
252,,,,,,,,,,,,,,,,,,,,,,,,,
253,,,,,,,,,,,,,,,,,,,,,,,,,
254,,,,,,,,,,,,,,,,,,,,,,,,,
255,,,,,,,,,,,,,,,,,,,,,,,,,
256,,,,,,,,,,,,,,,,,,,,,,,,,
257,,,,,,,,,,,,,,,,,,,,,,,,,
258,,,,,,,,,,,,,,,,,,,,,,,,,
259,,,,,,,,,,,,,,,,,,,,,,,,,
260,,,,,,,,,,,,,,,,,,,,,,,,,
261,,,,,,,,,,,,,,,,,,,,,,,,,
262,,,,,,,,,,,,,,,,,,,,,,,,,
263,,,,,,,,,,,,,,,,,,,,,,,,,
264,,,,,,,,,,,,,,,,,,,,,,,,,
265,,,,,,,,,,,,,,,,,,,,,,,,,
266,,,,,,,,,,,,,,,,,,,,,,,,,
